﻿<?xml version="1.0" encoding="utf-8"?>
<component format="1" id="SharpSerializer">
  <name>HolisticWare SharpSerializer component</name>
  <publisher>HolisticWare LLC</publisher>
  <publisher-url>http://holisticware.net/</publisher-url>
  <version>1.0</version>
  <summary>HolisticWare featuring SharpSerializer</summary>
  <samples>
    <sample id="SharpSerializer.iOS">
      <name>Sample for iOS.</name>
      <summary>SharpSerializer sample for iOS.</summary>
    </sample>
    <sample id="SharpSerializer.Android">
      <name>Sample for Android.</name>
      <summary>SharpSerializer sample for Android.</summary>
    </sample>
  </samples>
</component>